{
  "model/models.js": 1645722674491,
  "i18n/i18n.properties": 1645722683935,
  "utils/locate-reuse-libs.js": 1645722674495,
  "manifest.json": 1645761137522,
  "controller/View1.controller.js": 1645757844651,
  "Component.js": 1645722674487,
  "manifest-bundle.zip": 1645761137531,
  "Component-preload.js": 1645761137743,
  "model/models-dbg.js": 1645722674491,
  "utils/locate-reuse-libs-dbg.js": 1645722674495,
  "controller/View1-dbg.controller.js": 1645757844651,
  "Component-dbg.js": 1645722674487,
  "view/View1.view.xml": 1645757828691,
  "css/style.css": 1645722674499,
  "index.html": 1645722674491
}